{"cameraMode":{"drawMode":0,"name":"Shaded","section":"Shading Mode"},"sceneLighting":true,"audioPlay":false,"sceneViewState":{"showFog":true,"showMaterialUpdate":false,"showSkybox":true,"showFlares":true,"showImageEffects":true,"showParticleSystems":true},"in2DMode":false,"pivot":{"x":2.5581541061401369,"y":0.32994866371154787,"z":-1.9237165451049805},"rotation":{"x":-0.04464917629957199,"y":0.9552713632583618,"z":-0.2129250168800354,"w":-0.20031479001045228},"size":8.39859390258789,"orthographic":false}